pfCode,yr,period,periodDesc,aggrLevel,IsLeaf,rgCode,rgDesc,rtCode,rtTitle,rt3ISO,ptCode,ptTitle,pt3ISO,ptCode2,ptTitle2,pt3ISO2,cstCode,cstDesc,motCode,motDesc,cmdCode,cmdDescE,qtCode,qtDesc,qtAltCode,qtAltDesc,TradeQuantity,AltQuantity,NetWeight,GrossWeight,TradeValue,CIFValue,FOBValue,estCode,
H5,2019,2019,2019,0,0,1,Import,31,Azerbaijan,AZE,0,World,WLD,None,,,,,,,TOTAL,All Commodities,1,No Quantity,None,,0,None,None,None,13649268582,None,None,4,
H5,2019,2019,2019,0,0,2,Export,31,Azerbaijan,AZE,0,World,WLD,None,,,,,,,TOTAL,All Commodities,1,No Quantity,None,,0,None,0,None,19635580248,None,None,4,
H5,2019,2019,2019,0,0,1,Import,32,Argentina,ARG,0,World,WLD,None,,,,,,,TOTAL,All Commodities,1,No Quantity,None,,0,None,None,None,49125029975,None,None,4,
H5,2019,2019,2019,0,0,2,Export,32,Argentina,ARG,0,World,WLD,None,,,,,,,TOTAL,All Commodities,1,No Quantity,None,,0,None,0,None,65114127659,None,None,4,
H5,2019,2019,2019,0,0,4,Re-Import,32,Argentina,ARG,0,World,WLD,None,,,,,,,TOTAL,All Commodities,1,No Quantity,None,,0,None,0,None,42221460,None,None,4,
H5,2019,2019,2019,0,0,1,Import,36,Australia,AUS,0,World,WLD,None,,,,,,,TOTAL,All Commodities,1,No Quantity,None,,0,None,None,None,221481291585,None,None,4,
H5,2019,2019,2019,0,0,2,Export,36,Australia,AUS,0,World,WLD,None,,,,,,,TOTAL,All Commodities,1,No Quantity,None,,0,None,None,None,266377225615,None,None,4,
H5,2019,2019,2019,0,0,4,Re-Import,36,Australia,AUS,0,World,WLD,None,,,,,,,TOTAL,All Commodities,1,No Quantity,None,,0,None,0,None,757873257,None,None,4,
H5,2019,2019,2019,0,0,1,Import,40,Austria,AUT,0,World,WLD,None,,,,,,,TOTAL,All Commodities,1,No Quantity,None,,0,None,0,None,176596131348,None,None,4,
H5,2019,2019,2019,0,0,2,Export,40,Austria,AUT,0,World,WLD,None,,,,,,,TOTAL,All Commodities,1,No Quantity,None,,0,None,0,None,171532054962,None,None,4,
H5,2019,2019,2019,0,0,1,Import,51,Armenia,ARM,0,World,WLD,None,,,,,,,TOTAL,All Commodities,1,No Quantity,None,,0,None,0,None,5071644433,None,None,4,
H5,2019,2019,2019,0,0,2,Export,51,Armenia,ARM,0,World,WLD,None,,,,,,,TOTAL,All Commodities,1,No Quantity,None,,0,None,0,None,2620069449,None,None,4,
H5,2019,2019,2019,0,0,3,Re-Export,51,Armenia,ARM,0,World,WLD,None,,,,,,,TOTAL,All Commodities,1,No Quantity,None,,0,None,0,None,214146058,None,None,0,
H5,2019,2019,2019,0,0,4,Re-Import,51,Armenia,ARM,0,World,WLD,None,,,,,,,TOTAL,All Commodities,1,No Quantity,None,,0,None,0,None,585905,None,None,0,
H5,2019,2019,2019,0,0,1,Import,52,Barbados,BRB,0,World,WLD,None,,,,,,,TOTAL,All Commodities,1,No Quantity,None,,0,None,0,None,1580842477,None,None,4,
H5,2019,2019,2019,0,0,2,Export,52,Barbados,BRB,0,World,WLD,None,,,,,,,TOTAL,All Commodities,1,No Quantity,None,,0,None,0,None,444085369,None,None,4,
H5,2019,2019,2019,0,0,1,Import,56,Belgium,BEL,0,World,WLD,None,,,,,,,TOTAL,All Commodities,1,No Quantity,None,,0,None,0,None,426489084673,None,None,4,
H5,2019,2019,2019,0,0,2,Export,56,Belgium,BEL,0,World,WLD,None,,,,,,,TOTAL,All Commodities,1,No Quantity,None,,0,None,0,None,445214432962,None,None,4,
H5,2019,2019,2019,0,0,1,Import,60,Bermuda,BMU,0,World,WLD,None,,,,,,,TOTAL,All Commodities,1,No Quantity,None,,0,None,0,None,1117764475,None,None,4,
H5,2019,2019,2019,0,0,2,Export,60,Bermuda,BMU,0,World,WLD,None,,,,,,,TOTAL,All Commodities,1,No Quantity,None,,0,None,0,None,26832552,None,None,4,
H5,2019,2019,2019,0,0,1,Import,70,Bosnia Herzegovina,BIH,0,World,WLD,None,,,,,,,TOTAL,All Commodities,1,No Quantity,None,,0,None,None,None,11159040331,None,None,4,
H5,2019,2019,2019,0,0,2,Export,70,Bosnia Herzegovina,BIH,0,World,WLD,None,,,,,,,TOTAL,All Commodities,1,No Quantity,None,,0,None,0,None,6578243902,None,None,4,
H5,2019,2019,2019,0,0,1,Import,72,Botswana,BWA,0,World,WLD,None,,,,,,,TOTAL,All Commodities,1,No Quantity,None,,0,None,0,None,6558523124,None,None,4,
H5,2019,2019,2019,0,0,2,Export,72,Botswana,BWA,0,World,WLD,None,,,,,,,TOTAL,All Commodities,1,No Quantity,None,,0,None,0,None,5238079155,None,None,4,
H5,2019,2019,2019,0,0,3,Re-Export,72,Botswana,BWA,0,World,WLD,None,,,,,,,TOTAL,All Commodities,1,No Quantity,None,,0,None,0,None,2612031,None,None,0,
H5,2019,2019,2019,0,0,4,Re-Import,72,Botswana,BWA,0,World,WLD,None,,,,,,,TOTAL,All Commodities,1,No Quantity,None,,0,None,0,None,10034,None,None,4,
H5,2019,2019,2019,0,0,1,Import,76,Brazil,BRA,0,World,WLD,None,,,,,,,TOTAL,All Commodities,1,No Quantity,None,,0,None,None,None,177347934749,None,None,0,
H5,2019,2019,2019,0,0,2,Export,76,Brazil,BRA,0,World,WLD,None,,,,,,,TOTAL,All Commodities,1,No Quantity,None,,0,None,0,None,225383482468,None,None,4,
H5,2019,2019,2019,0,0,4,Re-Import,76,Brazil,BRA,0,World,WLD,None,,,,,,,TOTAL,All Commodities,1,No Quantity,None,,0,None,0,None,7018822667,None,None,0,
H5,2019,2019,2019,0,0,1,Import,84,Belize,BLZ,0,World,WLD,None,,,,,,,TOTAL,All Commodities,1,No Quantity,None,,0,None,0,None,985904343,None,None,4,
H5,2019,2019,2019,0,0,2,Export,84,Belize,BLZ,0,World,WLD,None,,,,,,,TOTAL,All Commodities,1,No Quantity,None,,0,None,0,None,244908836,None,None,0,
H5,2019,2019,2019,0,0,3,Re-Export,84,Belize,BLZ,0,World,WLD,None,,,,,,,TOTAL,All Commodities,1,No Quantity,None,,0,None,0,None,38917523,None,None,0,
H5,2019,2019,2019,0,0,1,Import,96,Brunei Darussalam,BRN,0,World,WLD,None,,,,,,,TOTAL,All Commodities,1,No Quantity,None,,0,None,None,None,5102674118,None,None,4,
H5,2019,2019,2019,0,0,2,Export,96,Brunei Darussalam,BRN,0,World,WLD,None,,,,,,,TOTAL,All Commodities,1,No Quantity,None,,0,None,None,None,7039083085,None,None,4,
H5,2019,2019,2019,0,0,1,Import,100,Bulgaria,BGR,0,World,WLD,None,,,,,,,TOTAL,All Commodities,1,No Quantity,None,,0,None,None,None,37765114126,None,None,4,
H5,2019,2019,2019,0,0,2,Export,100,Bulgaria,BGR,0,World,WLD,None,,,,,,,TOTAL,All Commodities,1,No Quantity,None,,0,None,None,None,33454448049,None,None,4,
H5,2019,2019,2019,0,0,1,Import,104,Myanmar,MMR,0,World,WLD,None,,,,,,,TOTAL,All Commodities,1,No Quantity,None,,0,None,None,None,18577866972,None,None,4,
H5,2019,2019,2019,0,0,2,Export,104,Myanmar,MMR,0,World,WLD,None,,,,,,,TOTAL,All Commodities,1,No Quantity,None,,0,None,None,None,17997120537,None,None,4,
H5,2019,2019,2019,0,0,1,Import,108,Burundi,BDI,0,World,WLD,None,,,,,,,TOTAL,All Commodities,1,No Quantity,None,,0,None,0,None,887018854,None,None,4,
H5,2019,2019,2019,0,0,2,Export,108,Burundi,BDI,0,World,WLD,None,,,,,,,TOTAL,All Commodities,1,No Quantity,None,,0,None,0,None,180717200,None,None,4,
H5,2019,2019,2019,0,0,1,Import,112,Belarus,BLR,0,World,WLD,None,,,,,,,TOTAL,All Commodities,1,No Quantity,None,,0,None,None,None,39476679200,None,None,4,
H5,2019,2019,2019,0,0,2,Export,112,Belarus,BLR,0,World,WLD,None,,,,,,,TOTAL,All Commodities,1,No Quantity,None,,0,None,0,None,32955122400,None,None,4,
H5,2019,2019,2019,0,0,1,Import,116,Cambodia,KHM,0,World,WLD,None,,,,,,,TOTAL,All Commodities,1,No Quantity,None,,0,None,0,None,20278818285,None,None,4,
H5,2019,2019,2019,0,0,2,Export,116,Cambodia,KHM,0,World,WLD,None,,,,,,,TOTAL,All Commodities,1,No Quantity,None,,0,None,0,None,14824722293,None,None,4,
H5,2019,2019,2019,0,0,1,Import,124,Canada,CAN,0,World,WLD,None,,,,,,,TOTAL,All Commodities,1,No Quantity,None,,0,None,None,None,453359841430,None,None,0,
H5,2019,2019,2019,0,0,2,Export,124,Canada,CAN,0,World,WLD,None,,,,,,,TOTAL,All Commodities,1,No Quantity,None,,0,None,None,None,446079889867,None,None,4,
H5,2019,2019,2019,0,0,3,Re-Export,124,Canada,CAN,0,World,WLD,None,,,,,,,TOTAL,All Commodities,1,No Quantity,None,,0,None,0,None,36253803820,None,None,0,
H5,2019,2019,2019,0,0,4,Re-Import,124,Canada,CAN,0,World,WLD,None,,,,,,,TOTAL,All Commodities,1,No Quantity,None,,0,None,0,None,51509515,None,None,0,
H5,2019,2019,2019,0,0,1,Import,132,Cabo Verde,CPV,0,World,WLD,None,,,,,,,TOTAL,All Commodities,1,No Quantity,None,,0,None,None,None,789705845,None,None,4,
H5,2019,2019,2019,0,0,2,Export,132,Cabo Verde,CPV,0,World,WLD,None,,,,,,,TOTAL,All Commodities,1,No Quantity,None,,0,None,0,None,61879312,None,None,0,
H5,2019,2019,2019,0,0,1,Import,152,Chile,CHL,0,World,WLD,None,,,,,,,TOTAL,All Commodities,1,No Quantity,None,,0,None,None,None,69591297855,None,None,4,
H5,2019,2019,2019,0,0,2,Export,152,Chile,CHL,0,World,WLD,None,,,,,,,TOTAL,All Commodities,1,No Quantity,None,,0,None,None,None,69681396828,None,None,4,
H5,2019,2019,2019,0,0,4,Re-Import,152,Chile,CHL,0,World,WLD,None,,,,,,,TOTAL,All Commodities,1,No Quantity,None,,0,None,0,None,16431042,None,None,4,
H5,2019,2019,2019,0,0,1,Import,156,China,CHN,0,World,WLD,None,,,,,,,TOTAL,All Commodities,1,No Quantity,None,,0,None,0,None,2068950254597,None,None,4,
H5,2019,2019,2019,0,0,2,Export,156,China,CHN,0,World,WLD,None,,,,,,,TOTAL,All Commodities,1,No Quantity,None,,0,None,0,None,2498569865637,None,None,4,
H5,2019,2019,2019,0,0,1,Import,170,Colombia,COL,0,World,WLD,None,,,,,,,TOTAL,All Commodities,1,No Quantity,None,,0,None,None,None,52695881703,None,None,4,
H5,2019,2019,2019,0,0,2,Export,170,Colombia,COL,0,World,WLD,None,,,,,,,TOTAL,All Commodities,1,No Quantity,None,,0,None,0,None,39489359461,None,None,4,
H5,2019,2019,2019,0,0,4,Re-Import,170,Colombia,COL,0,World,WLD,None,,,,,,,TOTAL,All Commodities,1,No Quantity,None,,0,None,0,None,432666478,None,None,4,
H5,2019,2019,2019,0,0,1,Import,174,Comoros,COM,0,World,WLD,None,,,,,,,TOTAL,All Commodities,1,No Quantity,None,,0,None,0,None,201191155,None,None,4,
H5,2019,2019,2019,0,0,2,Export,174,Comoros,COM,0,World,WLD,None,,,,,,,TOTAL,All Commodities,1,No Quantity,None,,0,None,0,None,49024220,None,None,4,
H5,2019,2019,2019,0,0,1,Import,178,Congo,COG,0,World,WLD,None,,,,,,,TOTAL,All Commodities,1,No Quantity,None,,0,None,None,None,2242427608,None,None,4,
H5,2019,2019,2019,0,0,2,Export,178,Congo,COG,0,World,WLD,None,,,,,,,TOTAL,All Commodities,1,No Quantity,None,,0,None,None,None,5575942320,None,None,4,
H5,2019,2019,2019,0,0,1,Import,188,Costa Rica,CRI,0,World,WLD,None,,,,,,,TOTAL,All Commodities,1,No Quantity,None,,0,None,0,None,16106274382,None,None,4,
H5,2019,2019,2019,0,0,2,Export,188,Costa Rica,CRI,0,World,WLD,None,,,,,,,TOTAL,All Commodities,1,No Quantity,None,,0,None,0,None,11451993076,None,None,4,
H5,2019,2019,2019,0,0,1,Import,191,Croatia,HRV,0,World,WLD,None,,,,,,,TOTAL,All Commodities,1,No Quantity,None,,0,None,0,None,28004414329,None,None,4,
H5,2019,2019,2019,0,0,2,Export,191,Croatia,HRV,0,World,WLD,None,,,,,,,TOTAL,All Commodities,1,No Quantity,None,,0,None,0,None,17063049815,None,None,4,
H5,2019,2019,2019,0,0,1,Import,196,Cyprus,CYP,0,World,WLD,None,,,,,,,TOTAL,All Commodities,1,No Quantity,None,,0,None,None,None,9179162817,None,None,4,
H5,2019,2019,2019,0,0,2,Export,196,Cyprus,CYP,0,World,WLD,None,,,,,,,TOTAL,All Commodities,1,No Quantity,None,,0,None,0,None,3520899557,None,None,4,
H5,2019,2019,2019,0,0,3,Re-Export,196,Cyprus,CYP,0,World,WLD,None,,,,,,,TOTAL,All Commodities,1,No Quantity,None,,0,None,0,None,2064433833,None,None,0,
H5,2019,2019,2019,0,0,1,Import,203,Czechia,CZE,0,World,WLD,None,,,,,,,TOTAL,All Commodities,1,No Quantity,None,,0,None,None,None,179273065047,None,None,4,
H5,2019,2019,2019,0,0,2,Export,203,Czechia,CZE,0,World,WLD,None,,,,,,,TOTAL,All Commodities,1,No Quantity,None,,0,None,None,None,199469710335,None,None,4,
H5,2019,2019,2019,0,0,1,Import,204,Benin,BEN,0,World,WLD,None,,,,,,,TOTAL,All Commodities,1,No Quantity,None,,0,None,None,None,2904571635,None,None,4,
H5,2019,2019,2019,0,0,2,Export,204,Benin,BEN,0,World,WLD,None,,,,,,,TOTAL,All Commodities,1,No Quantity,None,,0,None,0,None,851648437,None,None,4,
H5,2019,2019,2019,0,0,1,Import,208,Denmark,DNK,0,World,WLD,None,,,,,,,TOTAL,All Commodities,1,No Quantity,None,,0,None,0,None,97209693724,None,None,4,
H5,2019,2019,2019,0,0,2,Export,208,Denmark,DNK,0,World,WLD,None,,,,,,,TOTAL,All Commodities,1,No Quantity,None,,0,None,0,None,109991554571,None,None,4,
H5,2019,2019,2019,0,0,1,Import,218,Ecuador,ECU,0,World,WLD,None,,,,,,,TOTAL,All Commodities,1,No Quantity,None,,0,None,0,None,20277091794,None,None,4,
H5,2019,2019,2019,0,0,2,Export,218,Ecuador,ECU,0,World,WLD,None,,,,,,,TOTAL,All Commodities,1,No Quantity,None,,0,None,0,None,22329378889,None,None,4,
H5,2019,2019,2019,0,0,1,Import,222,El Salvador,SLV,0,World,WLD,None,,,,,,,TOTAL,All Commodities,1,No Quantity,None,,0,None,None,None,12017559344,None,None,4,
H5,2019,2019,2019,0,0,2,Export,222,El Salvador,SLV,0,World,WLD,None,,,,,,,TOTAL,All Commodities,1,No Quantity,None,,0,None,0,None,5943316474,None,None,4,
H5,2019,2019,2019,0,0,4,Re-Import,222,El Salvador,SLV,0,World,WLD,None,,,,,,,TOTAL,All Commodities,1,No Quantity,None,,0,None,0,None,12410363,None,None,0,
H5,2019,2019,2019,0,0,1,Import,233,Estonia,EST,0,World,WLD,None,,,,,,,TOTAL,All Commodities,1,No Quantity,None,,0,None,None,None,18664163270,None,None,4,
H5,2019,2019,2019,0,0,2,Export,233,Estonia,EST,0,World,WLD,None,,,,,,,TOTAL,All Commodities,1,No Quantity,None,,0,None,0,None,16818678297,None,None,0,
H5,2019,2019,2019,0,0,3,Re-Export,233,Estonia,EST,0,World,WLD,None,,,,,,,TOTAL,All Commodities,1,No Quantity,None,,0,None,0,None,16778917157,None,None,0,
H5,2019,2019,2019,0,0,4,Re-Import,233,Estonia,EST,0,World,WLD,None,,,,,,,TOTAL,All Commodities,1,No Quantity,None,,0,None,0,None,16096732,None,None,4,
H5,2019,2019,2019,0,0,1,Import,242,Fiji,FJI,0,World,WLD,None,,,,,,,TOTAL,All Commodities,1,No Quantity,None,,0,None,None,None,2734304428,None,None,4,
H5,2019,2019,2019,0,0,2,Export,242,Fiji,FJI,0,World,WLD,None,,,,,,,TOTAL,All Commodities,1,No Quantity,None,,0,None,0,None,1032914403,None,None,4,
H5,2019,2019,2019,0,0,1,Import,246,Finland,FIN,0,World,WLD,None,,,,,,,TOTAL,All Commodities,1,No Quantity,None,,0,None,None,None,73719857019,None,None,4,
H5,2019,2019,2019,0,0,2,Export,246,Finland,FIN,0,World,WLD,None,,,,,,,TOTAL,All Commodities,1,No Quantity,None,,0,None,0,None,72839176013,None,None,4,
H5,2019,2019,2019,0,0,1,Import,251,France,FRA,0,World,WLD,None,,,,,,,TOTAL,All Commodities,1,No Quantity,None,,0,None,None,None,643208112669,None,None,4,
H5,2019,2019,2019,0,0,2,Export,251,France,FRA,0,World,WLD,None,,,,,,,TOTAL,All Commodities,1,No Quantity,None,,0,None,None,None,556364114008,None,None,4,
H5,2019,2019,2019,0,0,4,Re-Import,251,France,FRA,0,World,WLD,None,,,,,,,TOTAL,All Commodities,1,No Quantity,None,,0,None,0,None,5956731375,None,None,4,
H5,2019,2019,2019,0,0,1,Import,276,Germany,DEU,0,World,WLD,None,,,,,,,TOTAL,All Commodities,1,No Quantity,None,,0,None,None,None,1239897203131,None,None,4,
H5,2019,2019,2019,0,0,2,Export,276,Germany,DEU,0,World,WLD,None,,,,,,,TOTAL,All Commodities,1,No Quantity,None,,0,None,None,None,1493266563850,None,None,4,
H5,2019,2019,2019,0,0,1,Import,288,Ghana,GHA,0,World,WLD,None,,,,,,,TOTAL,All Commodities,1,No Quantity,None,,0,None,0,None,10439795453,None,None,4,
H5,2019,2019,2019,0,0,2,Export,288,Ghana,GHA,0,World,WLD,None,,,,,,,TOTAL,All Commodities,1,No Quantity,None,,0,None,0,None,16768275189,None,None,4,
H5,2019,2019,2019,0,0,4,Re-Import,288,Ghana,GHA,0,World,WLD,None,,,,,,,TOTAL,All Commodities,1,No Quantity,None,,0,None,0,None,3649126,None,None,0,
H5,2019,2019,2019,0,0,1,Import,300,Greece,GRC,0,World,WLD,None,,,,,,,TOTAL,All Commodities,1,No Quantity,None,,0,None,0,None,62198045283,None,None,4,
H5,2019,2019,2019,0,0,2,Export,300,Greece,GRC,0,World,WLD,None,,,,,,,TOTAL,All Commodities,1,No Quantity,None,,0,None,0,None,37885526504,None,None,4,
H5,2019,2019,2019,0,0,1,Import,320,Guatemala,GTM,0,World,WLD,None,,,,,,,TOTAL,All Commodities,1,No Quantity,None,,0,None,None,None,19870650527,None,None,4,
H5,2019,2019,2019,0,0,2,Export,320,Guatemala,GTM,0,World,WLD,None,,,,,,,TOTAL,All Commodities,1,No Quantity,None,,0,None,0,None,11289176124,None,None,4,
H5,2019,2019,2019,0,0,1,Import,328,Guyana,GUY,0,World,WLD,None,,,,,,,TOTAL,All Commodities,1,No Quantity,None,,0,None,0,None,5980312022,None,None,4,
H5,2019,2019,2019,0,0,2,Export,328,Guyana,GUY,0,World,WLD,None,,,,,,,TOTAL,All Commodities,1,No Quantity,None,,0,None,0,None,3842501776,None,None,4,
H5,2019,2019,2019,0,0,1,Import,340,Honduras,HND,0,World,WLD,None,,,,,,,TOTAL,All Commodities,1,No Quantity,None,,0,None,0,None,9156168376,None,None,4,
H5,2019,2019,2019,0,0,2,Export,340,Honduras,HND,0,World,WLD,None,,,,,,,TOTAL,All Commodities,1,No Quantity,None,,0,None,0,None,3091163099,None,None,4,
H5,2019,2019,2019,0,0,1,Import,344,China, Hong Kong SAR,HKG,0,World,WLD,None,,,,,,,TOTAL,All Commodities,1,No Quantity,None,,0,None,None,None,578590151014,None,None,4,
H5,2019,2019,2019,0,0,2,Export,344,China, Hong Kong SAR,HKG,0,World,WLD,None,,,,,,,TOTAL,All Commodities,1,No Quantity,None,,0,None,0,None,535711018905,None,None,4,
H5,2019,2019,2019,0,0,1,Import,348,Hungary,HUN,0,World,WLD,None,,,,,,,TOTAL,All Commodities,1,No Quantity,None,,0,None,None,None,117324011167,None,None,4,
H5,2019,2019,2019,0,0,2,Export,348,Hungary,HUN,0,World,WLD,None,,,,,,,TOTAL,All Commodities,1,No Quantity,None,,0,None,0,None,122180657695,None,None,4,
H5,2019,2019,2019,0,0,1,Import,352,Iceland,ISL,0,World,WLD,None,,,,,,,TOTAL,All Commodities,1,No Quantity,None,,0,None,0,None,6579003950,None,None,4,
H5,2019,2019,2019,0,0,2,Export,352,Iceland,ISL,0,World,WLD,None,,,,,,,TOTAL,All Commodities,1,No Quantity,None,,0,None,0,None,5228360516,None,None,4,
H5,2019,2019,2019,0,0,1,Import,360,Indonesia,IDN,0,World,WLD,None,,,,,,,TOTAL,All Commodities,1,No Quantity,None,,0,None,0,None,171275708684,None,None,4,
H5,2019,2019,2019,0,0,2,Export,360,Indonesia,IDN,0,World,WLD,None,,,,,,,TOTAL,All Commodities,1,No Quantity,None,,0,None,0,None,167682997529,None,None,4,
H5,2019,2019,2019,0,0,1,Import,372,Ireland,IRL,0,World,WLD,None,,,,,,,TOTAL,All Commodities,1,No Quantity,None,,0,None,0,None,101473369524,None,None,4,
H5,2019,2019,2019,0,0,2,Export,372,Ireland,IRL,0,World,WLD,None,,,,,,,TOTAL,All Commodities,1,No Quantity,None,,0,None,0,None,170743382636,None,None,4,
H5,2019,2019,2019,0,0,4,Re-Import,372,Ireland,IRL,0,World,WLD,None,,,,,,,TOTAL,All Commodities,1,No Quantity,None,,0,None,0,None,54860971,None,None,4,
H5,2019,2019,2019,0,0,1,Import,376,Israel,ISR,0,World,WLD,None,,,,,,,TOTAL,All Commodities,1,No Quantity,None,,0,None,None,None,76578559000,None,None,4,
H5,2019,2019,2019,0,0,2,Export,376,Israel,ISR,0,World,WLD,None,,,,,,,TOTAL,All Commodities,1,No Quantity,None,,0,None,None,None,58488466000,None,None,4,
H5,2019,2019,2019,0,0,1,Import,381,Italy,ITA,0,World,WLD,None,,,,,,,TOTAL,All Commodities,1,No Quantity,None,,0,None,0,None,474957327527,None,None,4,
H5,2019,2019,2019,0,0,2,Export,381,Italy,ITA,0,World,WLD,None,,,,,,,TOTAL,All Commodities,1,No Quantity,None,,0,None,0,None,537748428817,None,None,4,
H5,2019,2019,2019,0,0,3,Re-Export,381,Italy,ITA,0,World,WLD,None,,,,,,,TOTAL,All Commodities,1,No Quantity,None,,0,None,0,None,24163884341,None,None,0,
H5,2019,2019,2019,0,0,4,Re-Import,381,Italy,ITA,0,World,WLD,None,,,,,,,TOTAL,All Commodities,1,No Quantity,None,,0,None,0,None,4697109342,None,None,0,
H5,2019,2019,2019,0,0,1,Import,384,Côte d'Ivoire,CIV,0,World,WLD,None,,,,,,,TOTAL,All Commodities,1,No Quantity,None,,0,None,0,None,10482560553,None,None,4,
H5,2019,2019,2019,0,0,2,Export,384,Côte d'Ivoire,CIV,0,World,WLD,None,,,,,,,TOTAL,All Commodities,1,No Quantity,None,,0,None,0,None,12717851545,None,None,4,
H5,2019,2019,2019,0,0,1,Import,388,Jamaica,JAM,0,World,WLD,None,,,,,,,TOTAL,All Commodities,1,No Quantity,None,,0,None,0,None,6339232886,None,None,4,
H5,2019,2019,2019,0,0,2,Export,388,Jamaica,JAM,0,World,WLD,None,,,,,,,TOTAL,All Commodities,1,No Quantity,None,,0,None,0,None,1586350782,None,None,4,
H5,2019,2019,2019,0,0,3,Re-Export,388,Jamaica,JAM,0,World,WLD,None,,,,,,,TOTAL,All Commodities,1,No Quantity,None,,0,None,0,None,50291730,None,None,0,
H5,2019,2019,2019,0,0,1,Import,392,Japan,JPN,0,World,WLD,None,,,,,,,TOTAL,All Commodities,1,No Quantity,None,,0,None,0,None,720858630025,None,None,4,
H5,2019,2019,2019,0,0,2,Export,392,Japan,JPN,0,World,WLD,None,,,,,,,TOTAL,All Commodities,1,No Quantity,None,,0,None,0,None,705633026838,None,None,4,
H5,2019,2019,2019,0,0,1,Import,398,Kazakhstan,KAZ,0,World,WLD,None,,,,,,,TOTAL,All Commodities,1,No Quantity,None,,0,None,None,None,38356657543,None,None,4,
H5,2019,2019,2019,0,0,2,Export,398,Kazakhstan,KAZ,0,World,WLD,None,,,,,,,TOTAL,All Commodities,1,No Quantity,None,,0,None,0,None,57722940896,None,None,4,
H5,2019,2019,2019,0,0,1,Import,400,Jordan,JOR,0,World,WLD,None,,,,,,,TOTAL,All Commodities,1,No Quantity,None,,0,None,0,None,19336708718,None,None,4,
H5,2019,2019,2019,0,0,2,Export,400,Jordan,JOR,0,World,WLD,None,,,,,,,TOTAL,All Commodities,1,No Quantity,None,,0,None,0,None,8312916561,None,None,4,
H5,2019,2019,2019,0,0,3,Re-Export,400,Jordan,JOR,0,World,WLD,None,,,,,,,TOTAL,All Commodities,1,No Quantity,None,,0,None,None,None,1281822808,None,None,0,
H5,2019,2019,2019,0,0,1,Import,404,Kenya,KEN,0,World,WLD,None,,,,,,,TOTAL,All Commodities,1,No Quantity,None,,0,None,0,None,17210001018,None,None,4,
H5,2019,2019,2019,0,0,2,Export,404,Kenya,KEN,0,World,WLD,None,,,,,,,TOTAL,All Commodities,1,No Quantity,None,,0,None,0,None,5836255973,None,None,4,
H5,2019,2019,2019,0,0,1,Import,410,Rep. of Korea,KOR,0,World,WLD,None,,,,,,,TOTAL,All Commodities,1,No Quantity,None,,0,None,0,None,503262910727,None,None,4,
H5,2019,2019,2019,0,0,2,Export,410,Rep. of Korea,KOR,0,World,WLD,None,,,,,,,TOTAL,All Commodities,1,No Quantity,None,,0,None,0,None,542171769089,None,None,4,
H5,2019,2019,2019,0,0,1,Import,414,Kuwait,KWT,0,World,WLD,None,,,,,,,TOTAL,All Commodities,1,No Quantity,None,,0,None,0,None,33530892789,None,None,4,
H5,2019,2019,2019,0,0,2,Export,414,Kuwait,KWT,0,World,WLD,None,,,,,,,TOTAL,All Commodities,1,No Quantity,None,,0,None,0,None,64482096620,None,None,4,
H5,2019,2019,2019,0,0,3,Re-Export,414,Kuwait,KWT,0,World,WLD,None,,,,,,,TOTAL,All Commodities,1,No Quantity,None,,0,None,0,None,2291511876,None,None,0,
H5,2019,2019,2019,0,0,1,Import,417,Kyrgyzstan,KGZ,0,World,WLD,None,,,,,,,TOTAL,All Commodities,1,No Quantity,None,,0,None,None,None,4988946048,None,None,4,
H5,2019,2019,2019,0,0,2,Export,417,Kyrgyzstan,KGZ,0,World,WLD,None,,,,,,,TOTAL,All Commodities,1,No Quantity,None,,0,None,None,None,1986109552,None,None,4,
H5,2019,2019,2019,0,0,1,Import,418,Lao People's Dem. Rep.,LAO,0,World,WLD,None,,,,,,,TOTAL,All Commodities,1,No Quantity,None,,0,None,None,None,5797444591,None,None,4,
H5,2019,2019,2019,0,0,2,Export,418,Lao People's Dem. Rep.,LAO,0,World,WLD,None,,,,,,,TOTAL,All Commodities,1,No Quantity,None,,0,None,None,None,5809346160,None,None,4,
H5,2019,2019,2019,0,0,3,Re-Export,418,Lao People's Dem. Rep.,LAO,0,World,WLD,None,,,,,,,TOTAL,All Commodities,1,No Quantity,None,,0,None,0,None,828701928,None,None,0,
H5,2019,2019,2019,0,0,1,Import,428,Latvia,LVA,0,World,WLD,None,,,,,,,TOTAL,All Commodities,1,No Quantity,None,,0,None,None,None,17767574788,None,None,4,
H5,2019,2019,2019,0,0,2,Export,428,Latvia,LVA,0,World,WLD,None,,,,,,,TOTAL,All Commodities,1,No Quantity,None,,0,None,None,None,14447101696,None,None,4,
H5,2019,2019,2019,0,0,1,Import,440,Lithuania,LTU,0,World,WLD,None,,,,,,,TOTAL,All Commodities,1,No Quantity,None,,0,None,0,None,35759415639,None,None,4,
H5,2019,2019,2019,0,0,2,Export,440,Lithuania,LTU,0,World,WLD,None,,,,,,,TOTAL,All Commodities,1,No Quantity,None,,0,None,0,None,33150771896,None,None,4,
H5,2019,2019,2019,0,0,1,Import,442,Luxembourg,LUX,0,World,WLD,None,,,,,,,TOTAL,All Commodities,1,No Quantity,None,,0,None,0,None,22639533442,None,None,4,
H5,2019,2019,2019,0,0,2,Export,442,Luxembourg,LUX,0,World,WLD,None,,,,,,,TOTAL,All Commodities,1,No Quantity,None,,0,None,None,None,14673805495,None,None,4,
H5,2019,2019,2019,0,0,3,Re-Export,442,Luxembourg,LUX,0,World,WLD,None,,,,,,,TOTAL,All Commodities,1,No Quantity,None,,0,None,0,None,48104398,None,None,0,
H5,2019,2019,2019,0,0,4,Re-Import,442,Luxembourg,LUX,0,World,WLD,None,,,,,,,TOTAL,All Commodities,1,No Quantity,None,,0,None,0,None,37049488,None,None,0,
H5,2019,2019,2019,0,0,1,Import,446,China, Macao SAR,MAC,0,World,WLD,None,,,,,,,TOTAL,All Commodities,1,No Quantity,None,,0,None,None,None,12024018851,None,None,4,
H5,2019,2019,2019,0,0,2,Export,446,China, Macao SAR,MAC,0,World,WLD,None,,,,,,,TOTAL,All Commodities,1,No Quantity,None,,0,None,0,None,1023983031,None,None,4,
H5,2019,2019,2019,0,0,3,Re-Export,446,China, Macao SAR,MAC,0,World,WLD,None,,,,,,,TOTAL,All Commodities,1,No Quantity,None,,0,None,0,None,976712654,None,None,0,
H5,2019,2019,2019,0,0,4,Re-Import,446,China, Macao SAR,MAC,0,World,WLD,None,,,,,,,TOTAL,All Commodities,1,No Quantity,None,,0,None,0,None,448322,None,None,4,
H5,2019,2019,2019,0,0,1,Import,450,Madagascar,MDG,0,World,WLD,None,,,,,,,TOTAL,All Commodities,1,No Quantity,None,,0,None,None,None,3944263148,None,None,4,
H5,2019,2019,2019,0,0,2,Export,450,Madagascar,MDG,0,World,WLD,None,,,,,,,TOTAL,All Commodities,1,No Quantity,None,,0,None,None,None,2688948366,None,None,4,
H5,2019,2019,2019,0,0,3,Re-Export,450,Madagascar,MDG,0,World,WLD,None,,,,,,,TOTAL,All Commodities,1,No Quantity,None,,0,None,None,None,29892564,None,None,0,
H5,2019,2019,2019,0,0,4,Re-Import,450,Madagascar,MDG,0,World,WLD,None,,,,,,,TOTAL,All Commodities,1,No Quantity,None,,0,None,0,None,17842912,None,None,0,
H5,2019,2019,2019,0,0,1,Import,454,Malawi,MWI,0,World,WLD,None,,,,,,,TOTAL,All Commodities,1,No Quantity,None,,0,None,0,None,2940940382,None,None,4,
H5,2019,2019,2019,0,0,2,Export,454,Malawi,MWI,0,World,WLD,None,,,,,,,TOTAL,All Commodities,1,No Quantity,None,,0,None,0,None,912832375,None,None,4,
H5,2019,2019,2019,0,0,1,Import,458,Malaysia,MYS,0,World,WLD,None,,,,,,,TOTAL,All Commodities,1,No Quantity,None,,0,None,None,None,204905910429,None,None,4,
H5,2019,2019,2019,0,0,2,Export,458,Malaysia,MYS,0,World,WLD,None,,,,,,,TOTAL,All Commodities,1,No Quantity,None,,0,None,None,None,238088652110,None,None,4,
H5,2019,2019,2019,0,0,4,Re-Import,458,Malaysia,MYS,0,World,WLD,None,,,,,,,TOTAL,All Commodities,1,No Quantity,None,,0,None,0,None,77681386,None,None,4,
H5,2019,2019,2019,0,0,1,Import,470,Malta,MLT,0,World,WLD,None,,,,,,,TOTAL,All Commodities,1,No Quantity,None,,0,None,None,None,8211008645,None,None,4,
H5,2019,2019,2019,0,0,2,Export,470,Malta,MLT,0,World,WLD,None,,,,,,,TOTAL,All Commodities,1,No Quantity,None,,0,None,None,None,4142922134,None,None,4,
H5,2019,2019,2019,0,0,1,Import,480,Mauritius,MUS,0,World,WLD,None,,,,,,,TOTAL,All Commodities,1,No Quantity,None,,0,None,0,None,5601184454,None,None,4,
H5,2019,2019,2019,0,0,2,Export,480,Mauritius,MUS,0,World,WLD,None,,,,,,,TOTAL,All Commodities,1,No Quantity,None,,0,None,0,None,1876368427,None,None,4,
H5,2019,2019,2019,0,0,1,Import,490,Other Asia, nes,None,0,World,WLD,None,,,,,,,TOTAL,All Commodities,1,No Quantity,None,,0,None,0,None,285931193664,None,None,4,
H5,2019,2019,2019,0,0,2,Export,490,Other Asia, nes,None,0,World,WLD,None,,,,,,,TOTAL,All Commodities,1,No Quantity,None,,0,None,0,None,329483858291,None,None,4,
H5,2019,2019,2019,0,0,1,Import,496,Mongolia,MNG,0,World,WLD,None,,,,,,,TOTAL,All Commodities,1,No Quantity,None,,0,None,0,None,6127355631,None,None,4,
H5,2019,2019,2019,0,0,2,Export,496,Mongolia,MNG,0,World,WLD,None,,,,,,,TOTAL,All Commodities,1,No Quantity,None,,0,None,0,None,7619753899,None,None,4,
H5,2019,2019,2019,0,0,4,Re-Import,496,Mongolia,MNG,0,World,WLD,None,,,,,,,TOTAL,All Commodities,1,No Quantity,None,,0,None,0,None,3682707,None,None,0,
H5,2019,2019,2019,0,0,1,Import,504,Morocco,MAR,0,World,WLD,None,,,,,,,TOTAL,All Commodities,1,No Quantity,None,,0,None,0,None,51074849808,None,None,4,
H5,2019,2019,2019,0,0,2,Export,504,Morocco,MAR,0,World,WLD,None,,,,,,,TOTAL,All Commodities,1,No Quantity,None,,0,None,None,None,29327791573,None,None,4,
H5,2019,2019,2019,0,0,1,Import,516,Namibia,NAM,0,World,WLD,None,,,,,,,TOTAL,All Commodities,1,No Quantity,None,,0,None,None,None,8086034607,None,None,4,
H5,2019,2019,2019,0,0,2,Export,516,Namibia,NAM,0,World,WLD,None,,,,,,,TOTAL,All Commodities,1,No Quantity,None,,0,None,None,None,6256147591,None,None,4,
H5,2019,2019,2019,0,0,3,Re-Export,516,Namibia,NAM,0,World,WLD,None,,,,,,,TOTAL,All Commodities,1,No Quantity,None,,0,None,0,None,2578799766,None,None,0,
H5,2019,2019,2019,0,0,4,Re-Import,516,Namibia,NAM,0,World,WLD,None,,,,,,,TOTAL,All Commodities,1,No Quantity,None,,0,None,0,None,329648768,None,None,4,
H5,2019,2019,2019,0,0,1,Import,528,Netherlands,NLD,0,World,WLD,None,,,,,,,TOTAL,All Commodities,1,No Quantity,None,,0,None,0,None,514857687783,None,None,4,
H5,2019,2019,2019,0,0,2,Export,528,Netherlands,NLD,0,World,WLD,None,,,,,,,TOTAL,All Commodities,1,No Quantity,None,,0,None,0,None,576784455411,None,None,4,
H5,2019,2019,2019,0,0,1,Import,554,New Zealand,NZL,0,World,WLD,None,,,,,,,TOTAL,All Commodities,1,No Quantity,None,,0,None,None,None,42271276496,None,None,4,
H5,2019,2019,2019,0,0,2,Export,554,New Zealand,NZL,0,World,WLD,None,,,,,,,TOTAL,All Commodities,1,No Quantity,None,,0,None,None,None,39539825796,None,None,4,
H5,2019,2019,2019,0,0,3,Re-Export,554,New Zealand,NZL,0,World,WLD,None,,,,,,,TOTAL,All Commodities,1,No Quantity,None,,0,None,0,None,1355319189,None,None,0,
H5,2019,2019,2019,0,0,4,Re-Import,554,New Zealand,NZL,0,World,WLD,None,,,,,,,TOTAL,All Commodities,1,No Quantity,None,,0,None,0,None,122776372,None,None,4,
H5,2019,2019,2019,0,0,1,Import,558,Nicaragua,NIC,0,World,WLD,None,,,,,,,TOTAL,All Commodities,1,No Quantity,None,,0,None,0,None,6985507830,None,None,4,
H5,2019,2019,2019,0,0,2,Export,558,Nicaragua,NIC,0,World,WLD,None,,,,,,,TOTAL,All Commodities,1,No Quantity,None,,0,None,0,None,5272553121,None,None,4,
H5,2019,2019,2019,0,0,1,Import,579,Norway,NOR,0,World,WLD,None,,,,,,,TOTAL,All Commodities,1,No Quantity,None,,0,None,0,None,86144982447,None,None,4,
H5,2019,2019,2019,0,0,2,Export,579,Norway,NOR,0,World,WLD,None,,,,,,,TOTAL,All Commodities,1,No Quantity,None,,0,None,0,None,104029881468,None,None,4,
H5,2019,2019,2019,0,0,1,Import,586,Pakistan,PAK,0,World,WLD,None,,,,,,,TOTAL,All Commodities,1,No Quantity,None,,0,None,None,None,50063059560,None,None,4,
H5,2019,2019,2019,0,0,2,Export,586,Pakistan,PAK,0,World,WLD,None,,,,,,,TOTAL,All Commodities,1,No Quantity,None,,0,None,None,None,23748680252,None,None,4,
H5,2019,2019,2019,0,0,3,Re-Export,586,Pakistan,PAK,0,World,WLD,None,,,,,,,TOTAL,All Commodities,1,No Quantity,None,,0,None,0,None,480289118,None,None,0,
H5,2019,2019,2019,0,0,4,Re-Import,586,Pakistan,PAK,0,World,WLD,None,,,,,,,TOTAL,All Commodities,1,No Quantity,None,,0,None,0,None,132414808,None,None,0,
H5,2019,2019,2019,0,0,1,Import,600,Paraguay,PRY,0,World,WLD,None,,,,,,,TOTAL,All Commodities,1,No Quantity,None,,0,None,0,None,12187394825,None,None,4,
H5,2019,2019,2019,0,0,2,Export,600,Paraguay,PRY,0,World,WLD,None,,,,,,,TOTAL,All Commodities,1,No Quantity,None,,0,None,0,None,7652035474,None,None,4,
H5,2019,2019,2019,0,0,1,Import,604,Peru,PER,0,World,WLD,None,,,,,,,TOTAL,All Commodities,1,No Quantity,None,,0,None,None,None,42376434141,None,None,4,
H5,2019,2019,2019,0,0,2,Export,604,Peru,PER,0,World,WLD,None,,,,,,,TOTAL,All Commodities,1,No Quantity,None,,0,None,0,None,46131564759,None,None,4,
H5,2019,2019,2019,0,0,1,Import,608,Philippines,PHL,0,World,WLD,None,,,,,,,TOTAL,All Commodities,1,No Quantity,None,,0,None,None,None,117247264757,None,None,4,
H5,2019,2019,2019,0,0,2,Export,608,Philippines,PHL,0,World,WLD,None,,,,,,,TOTAL,All Commodities,1,No Quantity,None,,0,None,None,None,70926674490,None,None,4,
H5,2019,2019,2019,0,0,1,Import,616,Poland,POL,0,World,WLD,None,,,,,,,TOTAL,All Commodities,1,No Quantity,None,,0,None,0,None,246653880235,None,None,4,
H5,2019,2019,2019,0,0,2,Export,616,Poland,POL,0,World,WLD,None,,,,,,,TOTAL,All Commodities,1,No Quantity,None,,0,None,0,None,251864773270,None,None,4,
H5,2019,2019,2019,0,0,1,Import,620,Portugal,PRT,0,World,WLD,None,,,,,,,TOTAL,All Commodities,1,No Quantity,None,,0,None,None,None,89541379731,None,None,4,
H5,2019,2019,2019,0,0,2,Export,620,Portugal,PRT,0,World,WLD,None,,,,,,,TOTAL,All Commodities,1,No Quantity,None,,0,None,0,None,67064074174,None,None,4,
H5,2019,2019,2019,0,0,1,Import,642,Romania,ROU,0,World,WLD,None,,,,,,,TOTAL,All Commodities,1,No Quantity,None,,0,None,None,None,96644318708,None,None,4,
H5,2019,2019,2019,0,0,2,Export,642,Romania,ROU,0,World,WLD,None,,,,,,,TOTAL,All Commodities,1,No Quantity,None,,0,None,None,None,77298748437,None,None,4,
H5,2019,2019,2019,0,0,1,Import,643,Russian Federation,RUS,0,World,WLD,None,,,,,,,TOTAL,All Commodities,1,No Quantity,None,,0,None,0,None,247161342900,None,None,4,
H5,2019,2019,2019,0,0,2,Export,643,Russian Federation,RUS,0,World,WLD,None,,,,,,,TOTAL,All Commodities,1,No Quantity,None,,0,None,0,None,426720332660,None,None,4,
H5,2019,2019,2019,0,0,1,Import,646,Rwanda,RWA,0,World,WLD,None,,,,,,,TOTAL,All Commodities,1,No Quantity,None,,0,None,None,None,3195163442,None,None,4,
H5,2019,2019,2019,0,0,2,Export,646,Rwanda,RWA,0,World,WLD,None,,,,,,,TOTAL,All Commodities,1,No Quantity,None,,0,None,None,None,1161750594,None,None,4,
H5,2019,2019,2019,0,0,3,Re-Export,646,Rwanda,RWA,0,World,WLD,None,,,,,,,TOTAL,All Commodities,1,No Quantity,None,,0,None,0,None,380942983,None,None,0,
H5,2019,2019,2019,0,0,1,Import,686,Senegal,SEN,0,World,WLD,None,,,,,,,TOTAL,All Commodities,1,No Quantity,None,,0,None,0,None,8143734073,None,None,4,
H5,2019,2019,2019,0,0,2,Export,686,Senegal,SEN,0,World,WLD,None,,,,,,,TOTAL,All Commodities,1,No Quantity,None,,0,None,0,None,4178514674,None,None,4,
H5,2019,2019,2019,0,0,1,Import,688,Serbia,SRB,0,World,WLD,None,,,,,,,TOTAL,All Commodities,1,No Quantity,None,,0,None,None,None,26730093636,None,None,4,
H5,2019,2019,2019,0,0,2,Export,688,Serbia,SRB,0,World,WLD,None,,,,,,,TOTAL,All Commodities,1,No Quantity,None,,0,None,None,None,19633048518,None,None,4,
H5,2019,2019,2019,0,0,1,Import,690,Seychelles,SYC,0,World,WLD,None,,,,,,,TOTAL,All Commodities,1,No Quantity,None,,0,None,None,None,1437735992,None,None,4,
H5,2019,2019,2019,0,0,2,Export,690,Seychelles,SYC,0,World,WLD,None,,,,,,,TOTAL,All Commodities,1,No Quantity,None,,0,None,None,None,824038383,None,None,4,
H5,2019,2019,2019,0,0,3,Re-Export,690,Seychelles,SYC,0,World,WLD,None,,,,,,,TOTAL,All Commodities,1,No Quantity,None,,0,None,None,None,397727729,None,None,0,
H5,2019,2019,2019,0,0,1,Import,699,India,IND,0,World,WLD,None,,,,,,,TOTAL,All Commodities,1,No Quantity,None,,0,None,None,None,478883729111,None,None,4,
H5,2019,2019,2019,0,0,2,Export,699,India,IND,0,World,WLD,None,,,,,,,TOTAL,All Commodities,1,No Quantity,None,,0,None,0,None,323250726424,None,None,4,
H5,2019,2019,2019,0,0,1,Import,702,Singapore,SGP,0,World,WLD,None,,,,,,,TOTAL,All Commodities,1,No Quantity,None,,0,None,0,None,358974637219,None,None,4,
H5,2019,2019,2019,0,0,2,Export,702,Singapore,SGP,0,World,WLD,None,,,,,,,TOTAL,All Commodities,1,No Quantity,None,,0,None,0,None,390331757374,None,None,4,
H5,2019,2019,2019,0,0,1,Import,703,Slovakia,SVK,0,World,WLD,None,,,,,,,TOTAL,All Commodities,1,No Quantity,None,,0,None,None,None,90908108589,None,None,4,
H5,2019,2019,2019,0,0,2,Export,703,Slovakia,SVK,0,World,WLD,None,,,,,,,TOTAL,All Commodities,1,No Quantity,None,,0,None,None,None,89909085415,None,None,4,
H5,2019,2019,2019,0,0,4,Re-Import,703,Slovakia,SVK,0,World,WLD,None,,,,,,,TOTAL,All Commodities,1,No Quantity,None,,0,None,None,None,946207854,None,None,4,
H5,2019,2019,2019,0,0,1,Import,704,Viet Nam,VNM,0,World,WLD,None,,,,,,,TOTAL,All Commodities,1,No Quantity,None,,0,None,0,None,253442015854,None,None,4,
H5,2019,2019,2019,0,0,2,Export,704,Viet Nam,VNM,0,World,WLD,None,,,,,,,TOTAL,All Commodities,1,No Quantity,None,,0,None,0,None,264610322649,None,None,4,
H5,2019,2019,2019,0,0,1,Import,705,Slovenia,SVN,0,World,WLD,None,,,,,,,TOTAL,All Commodities,1,No Quantity,None,,0,None,None,None,38162054184,None,None,4,
H5,2019,2019,2019,0,0,2,Export,705,Slovenia,SVN,0,World,WLD,None,,,,,,,TOTAL,All Commodities,1,No Quantity,None,,0,None,None,None,37574594379,None,None,4,
H5,2019,2019,2019,0,0,1,Import,710,South Africa,ZAF,0,World,WLD,None,,,,,,,TOTAL,All Commodities,1,No Quantity,None,,0,None,None,None,88037490927,None,None,0,
H5,2019,2019,2019,0,0,2,Export,710,South Africa,ZAF,0,World,WLD,None,,,,,,,TOTAL,All Commodities,1,No Quantity,None,,0,None,None,None,89395988333,None,None,4,
H5,2019,2019,2019,0,0,3,Re-Export,710,South Africa,ZAF,0,World,WLD,None,,,,,,,TOTAL,All Commodities,1,No Quantity,None,,0,None,0,None,2253768968,None,None,0,
H5,2019,2019,2019,0,0,4,Re-Import,710,South Africa,ZAF,0,World,WLD,None,,,,,,,TOTAL,All Commodities,1,No Quantity,None,,0,None,0,None,390313312,None,None,0,
H5,2019,2019,2019,0,0,1,Import,716,Zimbabwe,ZWE,0,World,WLD,None,,,,,,,TOTAL,All Commodities,1,No Quantity,None,,0,None,0,None,4787446790,None,None,4,
H5,2019,2019,2019,0,0,2,Export,716,Zimbabwe,ZWE,0,World,WLD,None,,,,,,,TOTAL,All Commodities,1,No Quantity,None,,0,None,0,None,4279383537,None,None,4,
H5,2019,2019,2019,0,0,1,Import,724,Spain,ESP,0,World,WLD,None,,,,,,,TOTAL,All Commodities,1,No Quantity,None,,0,None,None,None,375485170269,None,None,4,
H5,2019,2019,2019,0,0,2,Export,724,Spain,ESP,0,World,WLD,None,,,,,,,TOTAL,All Commodities,1,No Quantity,None,,0,None,None,None,337215113876,None,None,4,
H5,2019,2019,2019,0,0,3,Re-Export,724,Spain,ESP,0,World,WLD,None,,,,,,,TOTAL,All Commodities,1,No Quantity,None,,0,None,None,None,7662517819,None,None,0,
H5,2019,2019,2019,0,0,4,Re-Import,724,Spain,ESP,0,World,WLD,None,,,,,,,TOTAL,All Commodities,1,No Quantity,None,,0,None,0,None,2675001277,None,None,0,
H5,2019,2019,2019,0,0,1,Import,748,Eswatini,SWZ,0,World,WLD,None,,,,,,,TOTAL,All Commodities,1,No Quantity,None,,0,None,None,None,1832435797,None,None,4,
H5,2019,2019,2019,0,0,2,Export,748,Eswatini,SWZ,0,World,WLD,None,,,,,,,TOTAL,All Commodities,1,No Quantity,None,,0,None,0,None,2001636601,None,None,4,
H5,2019,2019,2019,0,0,1,Import,752,Sweden,SWE,0,World,WLD,None,,,,,,,TOTAL,All Commodities,1,No Quantity,None,,0,None,0,None,158958869495,None,None,4,
H5,2019,2019,2019,0,0,2,Export,752,Sweden,SWE,0,World,WLD,None,,,,,,,TOTAL,All Commodities,1,No Quantity,None,,0,None,None,None,160568108013,None,None,4,
H5,2019,2019,2019,0,0,1,Import,757,Switzerland,CHE,0,World,WLD,None,,,,,,,TOTAL,All Commodities,1,No Quantity,None,,0,None,None,None,276291811281,None,None,4,
H5,2019,2019,2019,0,0,2,Export,757,Switzerland,CHE,0,World,WLD,None,,,,,,,TOTAL,All Commodities,1,No Quantity,None,,0,None,None,None,313629550202,None,None,4,
H5,2019,2019,2019,0,0,1,Import,764,Thailand,THA,0,World,WLD,None,,,,,,,TOTAL,All Commodities,1,No Quantity,None,,0,None,None,None,216804755195,None,None,4,
H5,2019,2019,2019,0,0,2,Export,764,Thailand,THA,0,World,WLD,None,,,,,,,TOTAL,All Commodities,1,No Quantity,None,,0,None,None,None,233674439906,None,None,4,
H5,2019,2019,2019,0,0,4,Re-Import,764,Thailand,THA,0,World,WLD,None,,,,,,,TOTAL,All Commodities,1,No Quantity,None,,0,None,0,None,3302598713,None,None,4,
H5,2019,2019,2019,0,0,1,Import,768,Togo,TGO,0,World,WLD,None,,,,,,,TOTAL,All Commodities,1,No Quantity,None,,0,None,0,None,1844416713,None,None,4,
H5,2019,2019,2019,0,0,2,Export,768,Togo,TGO,0,World,WLD,None,,,,,,,TOTAL,All Commodities,1,No Quantity,None,,0,None,0,None,917084613,None,None,4,
H5,2019,2019,2019,0,0,1,Import,784,United Arab Emirates,ARE,0,World,WLD,None,,,,,,,TOTAL,All Commodities,1,No Quantity,None,,0,None,0,None,288397544149,None,None,4,
H5,2019,2019,2019,0,0,2,Export,784,United Arab Emirates,ARE,0,World,WLD,None,,,,,,,TOTAL,All Commodities,1,No Quantity,None,,0,None,0,None,389372505148,None,None,4,
H5,2019,2019,2019,0,0,3,Re-Export,784,United Arab Emirates,ARE,0,World,WLD,None,,,,,,,TOTAL,All Commodities,1,No Quantity,None,,0,None,0,None,124550139307,None,None,0,
H5,2019,2019,2019,0,0,1,Import,788,Tunisia,TUN,0,World,WLD,None,,,,,,,TOTAL,All Commodities,1,No Quantity,None,,0,None,0,None,21573846826,None,None,4,
H5,2019,2019,2019,0,0,2,Export,788,Tunisia,TUN,0,World,WLD,None,,,,,,,TOTAL,All Commodities,1,No Quantity,None,,0,None,0,None,14944087490,None,None,4,
H5,2019,2019,2019,0,0,1,Import,792,Turkey,TUR,0,World,WLD,None,,,,,,,TOTAL,All Commodities,1,No Quantity,None,,0,None,None,None,210343464863,None,None,4,
H5,2019,2019,2019,0,0,2,Export,792,Turkey,TUR,0,World,WLD,None,,,,,,,TOTAL,All Commodities,1,No Quantity,None,,0,None,None,None,180835909574,None,None,4,
H5,2019,2019,2019,0,0,1,Import,807,North Macedonia,MKD,0,World,WLD,None,,,,,,,TOTAL,All Commodities,1,No Quantity,None,,0,None,0,None,9470285509,None,None,4,
H5,2019,2019,2019,0,0,2,Export,807,North Macedonia,MKD,0,World,WLD,None,,,,,,,TOTAL,All Commodities,1,No Quantity,None,,0,None,None,None,7185964028,None,None,4,
H5,2019,2019,2019,0,0,1,Import,826,United Kingdom,GBR,0,World,WLD,None,,,,,,,TOTAL,All Commodities,1,No Quantity,None,,0,None,None,None,692494170352,None,None,4,
H5,2019,2019,2019,0,0,2,Export,826,United Kingdom,GBR,0,World,WLD,None,,,,,,,TOTAL,All Commodities,1,No Quantity,None,,0,None,0,None,468322416147,None,None,4,
H5,2019,2019,2019,0,0,3,Re-Export,826,United Kingdom,GBR,0,World,WLD,None,,,,,,,TOTAL,All Commodities,1,No Quantity,None,,0,None,0,None,4256492786,None,None,0,
H5,2019,2019,2019,0,0,4,Re-Import,826,United Kingdom,GBR,0,World,WLD,None,,,,,,,TOTAL,All Commodities,1,No Quantity,None,,0,None,0,None,5752431614,None,None,4,
H5,2019,2019,2019,0,0,1,Import,842,USA,USA,0,World,WLD,None,,,,,,,TOTAL,All Commodities,1,No Quantity,None,,0,None,0,None,2567492197103,None,None,4,
H5,2019,2019,2019,0,0,2,Export,842,USA,USA,0,World,WLD,None,,,,,,,TOTAL,All Commodities,1,No Quantity,None,,0,None,0,None,1644276220783,None,None,4,
H5,2019,2019,2019,0,0,3,Re-Export,842,USA,USA,0,World,WLD,None,,,,,,,TOTAL,All Commodities,1,No Quantity,None,,0,None,0,None,249813678499,None,None,0,
H5,2019,2019,2019,0,0,1,Import,854,Burkina Faso,BFA,0,World,WLD,None,,,,,,,TOTAL,All Commodities,1,No Quantity,None,,0,None,0,None,4252948090,None,None,4,
H5,2019,2019,2019,0,0,2,Export,854,Burkina Faso,BFA,0,World,WLD,None,,,,,,,TOTAL,All Commodities,1,No Quantity,None,,0,None,0,None,3263040981,None,None,4,
H5,2019,2019,2019,0,0,1,Import,858,Uruguay,URY,0,World,WLD,None,,,,,,,TOTAL,All Commodities,1,No Quantity,None,,0,None,0,None,8313647005,None,None,4,
H5,2019,2019,2019,0,0,2,Export,858,Uruguay,URY,0,World,WLD,None,,,,,,,TOTAL,All Commodities,1,No Quantity,None,,0,None,None,None,7816028429,None,None,4,
H5,2019,2019,2019,0,0,1,Import,860,Uzbekistan,UZB,0,World,WLD,None,,,,,,,TOTAL,All Commodities,1,No Quantity,None,,0,None,None,None,21867269545,None,None,4,
H5,2019,2019,2019,0,0,2,Export,860,Uzbekistan,UZB,0,World,WLD,None,,,,,,,TOTAL,All Commodities,1,No Quantity,None,,0,None,None,None,14929506690,None,None,4,
H5,2019,2019,2019,0,0,3,Re-Export,860,Uzbekistan,UZB,0,World,WLD,None,,,,,,,TOTAL,All Commodities,1,No Quantity,None,,0,None,0,None,91414726,None,None,0,
H5,2019,2019,2019,0,0,4,Re-Import,860,Uzbekistan,UZB,0,World,WLD,None,,,,,,,TOTAL,All Commodities,1,No Quantity,None,,0,None,0,None,10473831,None,None,4,
H5,2019,2019,2019,0,0,1,Import,887,Yemen,YEM,0,World,WLD,None,,,,,,,TOTAL,All Commodities,1,No Quantity,None,,0,None,0,None,4715958741,None,None,4,
H5,2019,2019,2019,0,0,2,Export,887,Yemen,YEM,0,World,WLD,None,,,,,,,TOTAL,All Commodities,1,No Quantity,None,,0,None,0,None,23783553,None,None,0,
H5,2019,2019,2019,0,0,3,Re-Export,887,Yemen,YEM,0,World,WLD,None,,,,,,,TOTAL,All Commodities,1,No Quantity,None,,0,None,0,None,15308088,None,None,0,
H5,2019,2019,2019,0,0,1,Import,894,Zambia,ZMB,0,World,WLD,None,,,,,,,TOTAL,All Commodities,1,No Quantity,None,,0,None,0,None,7221084744,None,None,4,
H5,2019,2019,2019,0,0,2,Export,894,Zambia,ZMB,0,World,WLD,None,,,,,,,TOTAL,All Commodities,1,No Quantity,None,,0,None,None,None,7029095024,None,None,4,
H5,2019,2019,2019,0,0,3,Re-Export,894,Zambia,ZMB,0,World,WLD,None,,,,,,,TOTAL,All Commodities,1,No Quantity,None,,0,None,0,None,211342871,None,None,0,
H5,2019,2019,2019,0,0,4,Re-Import,894,Zambia,ZMB,0,World,WLD,None,,,,,,,TOTAL,All Commodities,1,No Quantity,None,,0,None,0,None,28,None,None,0,
H4,2019,2019,2019,0,0,1,Import,268,Georgia,GEO,0,World,WLD,None,,,,,,,TOTAL,All Commodities,1,No Quantity,None,,0,None,None,None,9516910383,None,None,4,
H4,2019,2019,2019,0,0,2,Export,268,Georgia,GEO,0,World,WLD,None,,,,,,,TOTAL,All Commodities,1,No Quantity,None,,0,None,None,None,3798385371,None,None,4,
H4,2019,2019,2019,0,0,3,Re-Export,268,Georgia,GEO,0,World,WLD,None,,,,,,,TOTAL,All Commodities,1,No Quantity,None,,0,None,0,None,1868501833,None,None,0,
H4,2019,2019,2019,0,0,4,Re-Import,268,Georgia,GEO,0,World,WLD,None,,,,,,,TOTAL,All Commodities,1,No Quantity,None,,0,None,0,None,8127176,None,None,0,
H4,2019,2019,2019,0,0,1,Import,270,Gambia,GMB,0,World,WLD,None,,,,,,,TOTAL,All Commodities,1,No Quantity,None,,0,None,0,None,494031876,None,None,4,
H4,2019,2019,2019,0,0,2,Export,270,Gambia,GMB,0,World,WLD,None,,,,,,,TOTAL,All Commodities,1,No Quantity,None,,0,None,0,None,24602270,None,None,4,
H4,2019,2019,2019,0,0,3,Re-Export,270,Gambia,GMB,0,World,WLD,None,,,,,,,TOTAL,All Commodities,1,No Quantity,None,,0,None,0,None,17375882,None,None,0,
H4,2019,2019,2019,0,0,1,Import,275,State of Palestine,PSE,0,World,WLD,None,,,,,,,TOTAL,All Commodities,1,No Quantity,None,,0,None,0,None,13226908257,None,None,4,
H4,2019,2019,2019,0,0,2,Export,275,State of Palestine,PSE,0,World,WLD,None,,,,,,,TOTAL,All Commodities,1,No Quantity,None,,0,None,0,None,2207616748,None,None,4,
H4,2019,2019,2019,0,0,1,Import,478,Mauritania,MRT,0,World,WLD,None,,,,,,,TOTAL,All Commodities,1,No Quantity,None,,0,None,None,None,3519829183,None,None,4,
H4,2019,2019,2019,0,0,2,Export,478,Mauritania,MRT,0,World,WLD,None,,,,,,,TOTAL,All Commodities,1,No Quantity,None,,0,None,0,None,2266469717,None,None,4,
H4,2019,2019,2019,0,0,1,Import,484,Mexico,MEX,0,World,WLD,None,,,,,,,TOTAL,All Commodities,1,No Quantity,None,,0,None,None,None,455289486227,None,None,0,
H4,2019,2019,2019,0,0,2,Export,484,Mexico,MEX,0,World,WLD,None,,,,,,,TOTAL,All Commodities,1,No Quantity,None,,0,None,0,None,460703804234,None,None,4,
H4,2019,2019,2019,0,0,1,Import,498,Rep. of Moldova,MDA,0,World,WLD,None,,,,,,,TOTAL,All Commodities,1,No Quantity,None,,0,None,None,None,5842487249,None,None,4,
H4,2019,2019,2019,0,0,2,Export,498,Rep. of Moldova,MDA,0,World,WLD,None,,,,,,,TOTAL,All Commodities,1,No Quantity,None,,0,None,None,None,2779164783,None,None,4,
H4,2019,2019,2019,0,0,3,Re-Export,498,Rep. of Moldova,MDA,0,World,WLD,None,,,,,,,TOTAL,All Commodities,1,No Quantity,None,,0,None,0,None,781552514,None,None,0,
H4,2019,2019,2019,0,0,4,Re-Import,498,Rep. of Moldova,MDA,0,World,WLD,None,,,,,,,TOTAL,All Commodities,1,No Quantity,None,,0,None,0,None,8406452,None,None,0,
H4,2019,2019,2019,0,0,1,Import,533,Aruba,ABW,0,World,WLD,None,,,,,,,TOTAL,All Commodities,1,No Quantity,None,,0,None,0,None,1320097006,None,None,4,
H4,2019,2019,2019,0,0,2,Export,533,Aruba,ABW,0,World,WLD,None,,,,,,,TOTAL,All Commodities,1,No Quantity,None,,0,None,0,None,83627050,None,None,4,
H4,2019,2019,2019,0,0,1,Import,566,Nigeria,NGA,0,World,WLD,None,,,,,,,TOTAL,All Commodities,1,No Quantity,None,,0,None,0,None,47369076912,None,None,4,
H4,2019,2019,2019,0,0,2,Export,566,Nigeria,NGA,0,World,WLD,None,,,,,,,TOTAL,All Commodities,1,No Quantity,None,,0,None,None,None,53617812190,None,None,4,
H4,2019,2019,2019,0,0,1,Import,634,Qatar,QAT,0,World,WLD,None,,,,,,,TOTAL,All Commodities,1,No Quantity,None,,0,None,0,None,29178064574,None,None,4,
H4,2019,2019,2019,0,0,2,Export,634,Qatar,QAT,0,World,WLD,None,,,,,,,TOTAL,All Commodities,1,No Quantity,None,,0,None,0,None,72934956293,None,None,0,
H4,2019,2019,2019,0,0,3,Re-Export,634,Qatar,QAT,0,World,WLD,None,,,,,,,TOTAL,All Commodities,1,No Quantity,None,,0,None,0,None,2449175591,None,None,0,
H4,2019,2019,2019,0,0,1,Import,662,Saint Lucia,LCA,0,World,WLD,None,,,,,,,TOTAL,All Commodities,1,No Quantity,None,,0,None,0,None,623792718,None,None,4,
H4,2019,2019,2019,0,0,2,Export,662,Saint Lucia,LCA,0,World,WLD,None,,,,,,,TOTAL,All Commodities,1,No Quantity,None,,0,None,0,None,97255260,None,None,4,
H4,2019,2019,2019,0,0,1,Import,682,Saudi Arabia,SAU,0,World,WLD,None,,,,,,,TOTAL,All Commodities,1,No Quantity,None,,0,None,0,None,144334467853,None,None,4,
H4,2019,2019,2019,0,0,2,Export,682,Saudi Arabia,SAU,0,World,WLD,None,,,,,,,TOTAL,All Commodities,1,No Quantity,None,,0,None,0,None,251800016999,None,None,4,
H4,2019,2019,2019,0,0,1,Import,818,Egypt,EGY,0,World,WLD,None,,,,,,,TOTAL,All Commodities,1,No Quantity,None,,0,None,None,None,78657517973,None,None,4,
H4,2019,2019,2019,0,0,2,Export,818,Egypt,EGY,0,World,WLD,None,,,,,,,TOTAL,All Commodities,1,No Quantity,None,,0,None,None,None,30632552899,None,None,4,
H4,2019,2019,2019,0,0,1,Import,882,Samoa,WSM,0,World,WLD,None,,,,,,,TOTAL,All Commodities,1,No Quantity,None,,0,None,None,None,390681506,None,None,4,
H4,2019,2019,2019,0,0,2,Export,882,Samoa,WSM,0,World,WLD,None,,,,,,,TOTAL,All Commodities,1,No Quantity,None,,0,None,0,None,49272482,None,None,4,
H3,2019,2019,2019,0,0,1,Import,28,Antigua and Barbuda,ATG,0,World,WLD,None,,,,,,,TOTAL,All Commodities,1,No Quantity,None,,0,None,0,None,568340063,None,None,4,
H3,2019,2019,2019,0,0,2,Export,28,Antigua and Barbuda,ATG,0,World,WLD,None,,,,,,,TOTAL,All Commodities,1,No Quantity,None,,0,None,0,None,37400118,None,None,4,
H3,2019,2019,2019,0,0,3,Re-Export,28,Antigua and Barbuda,ATG,0,World,WLD,None,,,,,,,TOTAL,All Commodities,1,No Quantity,None,,0,None,0,None,34839805,None,None,0,
H3,2019,2019,2019,0,0,1,Import,670,Saint Vincent and the Grenadines,VCT,0,World,WLD,None,,,,,,,TOTAL,All Commodities,1,No Quantity,None,,0,None,0,None,335230895,None,None,4,
H3,2019,2019,2019,0,0,2,Export,670,Saint Vincent and the Grenadines,VCT,0,World,WLD,None,,,,,,,TOTAL,All Commodities,1,No Quantity,None,,0,None,0,None,38157024,None,None,4,
H3,2019,2019,2019,0,0,1,Import,678,Sao Tome and Principe,STP,0,World,WLD,None,,,,,,,TOTAL,All Commodities,1,No Quantity,None,,0,None,0,None,147666945,None,None,4,
H3,2019,2019,2019,0,0,2,Export,678,Sao Tome and Principe,STP,0,World,WLD,None,,,,,,,TOTAL,All Commodities,1,No Quantity,None,,0,None,0,None,9858888,None,None,0,
H3,2019,2019,2019,0,0,1,Import,740,Suriname,SUR,0,World,WLD,None,,,,,,,TOTAL,All Commodities,1,No Quantity,None,,0,None,0,None,1711449892,None,None,4,
H3,2019,2019,2019,0,0,2,Export,740,Suriname,SUR,0,World,WLD,None,,,,,,,TOTAL,All Commodities,1,No Quantity,None,,0,None,0,None,1460965557,None,None,4,
H3,2019,2019,2019,0,0,3,Re-Export,740,Suriname,SUR,0,World,WLD,None,,,,,,,TOTAL,All Commodities,1,No Quantity,None,,0,None,0,None,64815096,None,None,0,
